ID,SAMPLE0,SAMPLE1,SAMPLE2,SAMPLE3,SAMPLE4
SAMPLE0,1.4315043665,0.6313725490,-0.2295600593,-0.7947273027,-1.0385895535
SAMPLE1,0.6313725490,0.5364639974,-0.0871972318,-0.4216839677,-0.6589553468
SAMPLE2,-0.2295600593,-0.0871972318,0.2538803757,-0.0871972318,0.1500741473
SAMPLE3,-0.7947273027,-0.4216839677,-0.0871972318,0.7671445049,0.5364639974
SAMPLE4,-1.0385895535,-0.6589553468,0.1500741473,0.5364639974,1.0110067556
